0,1105,114,62,382,656,98,490,78,102,760,960,521,943,200,154,530,511,276,44,71,327,97,955,655,46,612,913,24,432,167,429,416,1015,970,671,487,883,129,89,64,866,993,863,56,164,1200,1004,96,135,896,166,133,880,210,780,756,82,508,165,163,225,48,475,1145,229,14,24,158,386,73,37,21,907,823,107,288,206,893,48,201,182,1161,273,24,41,52,146,21,37,61,215,34,20,48,43,112,242,239,80,1084,520,44,183,130,55
64,0,21,19,66,94,18,69,15,25,116,164,72,214,46,24,55,134,50,20,19,73,24,286,101,15,102,204,5,63,18,67,48,285,146,133,83,240,29,21,10,236,344,159,12,29,751,249,13,38,219,27,31,182,20,137,85,8,83,26,24,29,21,87,641,33,3,9,22,68,14,9,8,345,205,19,50,26,229,12,37,39,642,41,8,17,13,34,11,9,16,46,13,20,14,12,15,37,45,10,623,54,19,47,16,12
1117,1278,0,697,1065,1207,575,1151,733,757,1208,1187,1179,1244,709,763,1143,1173,1071,73,384,1036,247,1252,1194,64,1095,1257,219,1148,1023,1058,1060,1247,1259,1169,1103,1227,628,819,790,1223,1209,1153,674,577,1212,1250,766,623,1183,848,903,1216,1101,1154,1176,771,1217,898,990,976,452,1109,1249,1042,198,273,915,1055,709,330,26,1283,1248,790,1042,945,1200,409,1055,959,1265,1022,346,511,391,898,131,142,537,1045,104,95,531,205,873,1037,1039,586,1286,1157,625,954,823,382
1171,1297,552,0,1060,1218,510,1159,630,745,1214,1287,1202,1271,656,637,1168,1197,1111,150,345,911,327,1224,1180,119,1095,1206,145,1096,1030,1058,1124,1274,1288,1181,1183,1192,584,778,684,1234,1296,1326,621,535,1256,1216,638,473,1250,897,868,1250,1093,1244,1175,691,1208,869,1085,1062,385,1185,1323,1084,80,184,839,1102,611,219,50,1280,1302,730,1106,989,1255,300,952,968,1253,1068,164,419,248,850,67,101,437,990,48,63,444,133,897,1083,1041,482,1307,1146,413,812,638,261
809,1097,191,204,0,859,148,737,223,212,976,1132,833,1071,249,242,796,705,522,38,128,411,84,1029,931,31,819,1041,57,651,461,614,706,1117,1004,914,761,1033,200,273,266,1065,1081,958,205,235,1142,1095,202,174,917,435,355,1047,564,919,924,240,783,382,507,551,114,761,1217,523,35,89,337,645,197,75,16,1028,1019,223,656,514,1013,114,420,390,1234,526,64,137,70,384,28,30,157,442,19,36,140,40,413,500,507,152,1156,726,184,325,267,100
475,1073,79,51,311,0,35,431,44,79,720,808,486,969,145,100,489,374,218,30,41,235,62,876,641,23,550,831,9,357,171,352,381,916,902,678,418,827,74,91,74,909,942,757,63,79,1092,925,61,90,758,175,152,785,237,668,655,71,462,149,233,232,47,381,1095,202,7,19,127,384,44,18,13,819,768,76,329,241,787,48,162,203,1111,254,15,35,27,125,8,16,42,140,15,29,58,19,167,222,232,58,1019,482,46,120,80,27
1205,1227,660,791,1053,1286,0,1230,778,835,1219,1207,1178,1258,766,725,1127,1134,1062,166,425,941,335,1253,1171,98,1033,1266,212,1125,1054,1020,1074,1237,1253,1250,1167,1271,713,894,839,1251,1333,1254,764,689,1290,1220,814,622,1190,968,923,1214,1079,1173,1151,820,1206,981,1103,1053,476,1162,1267,1134,197,244,980,1076,773,359,38,1260,1225,761,1012,1030,1255,419,1008,962,1256,1036,348,585,418,938,123,134,608,929,65,52,563,227,931,1026,1050,614,1286,1149,678,884,827,452
649,1090,83,59,422,787,75,0,62,102,879,968,614,1044,168,132,611,521,183,26,71,320,66,1041,810,22,689,984,9,434,217,507,529,1062,991,821,597,935,107,92,83,934,1090,943,74,115,1140,1027,69,106,878,241,238,911,309,790,835,128,589,239,339,300,44,498,1131,266,14,23,163,486,75,25,10,993,880,125,455,333,943,50,205,223,1143,342,14,45,40,169,11,25,60,220,14,20,52,29,236,301,301,83,1113,619,53,185,111,27
1241,1242,513,681,1068,1183,494,1200,0,746,1177,1274,1174,1229,653,649,1180,1132,1091,132,344,917,288,1280,1266,108,1170,1236,118,1088,1005,1034,1075,1241,1237,1172,1190,1280,540,760,686,1196,1259,1257,598,490,1285,1217,714,493,1251,888,830,1254,1096,1185,1197,773,1118,875,1075,1074,367,1148,1243,1021,82,146,935,1072,628,233,22,1242,1216,737,1128,1003,1206,367,949,917,1313,1100,187,387,265,889,40,92,504,918,42,67,463,155,900,1075,1109,484,1252,1169,513,865,755,229
1218,1313,511,549,1027,1201,467,1146,516,0,1222,1211,1153,1219,604,555,1115,1097,894,172,329,826,290,1275,1199,97,1114,1218,108,1022,915,1057,1091,1183,1219,1242,1142,1187,527,721,637,1227,1265,1141,509,480,1381,1270,586,490,1216,796,815,1214,1105,1185,1260,595,1171,843,998,1071,343,1156,1264,1037,90,185,776,1066,474,175,40,1259,1215,557,1099,956,1212,290,899,948,1320,1077,180,328,190,773,71,89,412,908,30,42,349,130,872,1028,1025,350,1263,1130,376,735,596,196
404,999,78,50,243,478,81,298,59,82,0,718,363,819,137,113,334,345,189,51,61,233,65,779,451,41,401,706,22,299,99,270,217,804,751,470,356,689,96,60,23,691,883,685,49,111,1086,864,58,93,621,116,83,633,136,507,476,54,304,94,122,109,40,298,1053,131,18,33,92,236,55,32,21,759,573,68,175,144,677,34,119,120,1090,166,36,51,47,81,24,33,47,118,27,31,31,39,96,128,143,60,979,309,54,89,90,49
251,898,40,25,140,321,43,184,33,40,355,0,202,637,76,47,245,200,82,19,22,125,29,696,301,24,312,523,10,164,64,190,165,674,545,326,195,580,29,38,23,552,749,484,17,54,1034,723,21,48,500,48,62,529,72,377,281,33,196,53,46,56,20,190,959,59,11,20,50,134,28,23,13,663,480,31,105,93,484,17,62,47,1063,75,20,13,15,52,12,24,28,70,18,28,20,18,51,73,88,28,984,189,19,69,25,17
722,1152,87,55,328,666,89,531,66,100,805,966,0,975,150,105,596,447,255,27,45,263,55,1093,740,23,668,959,13,382,217,428,401,999,949,749,566,875,90,73,73,930,1114,866,63,106,1132,1048,53,110,856,165,185,906,264,739,779,73,463,133,235,227,50,415,1125,217,12,25,142,434,47,34,18,944,900,72,334,241,880,52,196,193,1185,233,20,31,30,127,14,16,38,165,11,19,46,21,171,205,237,68,1028,470,41,136,83,30
168,780,24,8,103,222,36,126,23,23,344,387,124,0,51,37,189,174,58,16,19,89,23,563,254,9,227,404,5,112,28,155,104,538,433,273,152,452,34,28,22,408,632,347,18,43,1001,555,12,35,361,41,40,388,47,284,234,11,161,39,47,58,11,140,905,48,7,19,29,95,15,10,9,542,395,24,69,53,363,13,41,33,908,53,15,10,15,22,10,11,17,60,15,28,16,15,35,39,65,28,824,145,24,42,30,11
1045,1252,570,636,979,1174,544,1037,659,653,1121,1156,1039,1205,0,713,984,1047,997,95,394,949,251,1170,1124,98,1021,1188,232,1081,884,972,974,1170,1185,1122,1165,1159,639,790,687,1171,1182,1124,588,551,1237,1228,666,590,1152,823,749,1144,952,1043,1110,731,1115,848,845,884,406,1027,1253,899,223,285,814,988,598,384,50,1239,1204,725,877,852,1178,470,950,879,1211,943,349,526,359,832,150,177,545,842,134,151,532,262,806,931,938,549,1286,1065,547,793,739,378
1139,1225,511,692,1002,1064,524,1152,598,662,1155,1229,1144,1236,503,0,1122,1193,1062,91,315,877,208,1199,1196,70,1066,1217,134,1061,938,976,1013,1241,1202,1138,1126,1178,544,715,634,1209,1185,1158,594,453,1225,1182,683,459,1185,861,808,1128,1055,1174,1222,673,1177,890,983,979,460,1109,1249,987,136,194,840,1036,580,284,29,1215,1233,631,1030,883,1207,409,906,882,1212,934,240,436,265,897,85,93,510,936,53,76,495,119,806,982,902,466,1219,1085,479,795,749,273
706,1087,131,79,410,703,108,502,113,101,826,969,548,959,220,217,0,501,330,56,94,397,97,1033,706,45,634,930,19,450,200,454,433,973,942,755,536,950,169,96,73,872,1036,869,72,153,1150,1016,113,178,824,149,103,958,258,762,709,137,527,196,249,193,35,497,1167,231,23,26,193,402,83,40,15,976,826,133,324,241,851,36,236,210,1131,302,26,31,49,142,16,28,68,247,18,28,35,27,168,229,254,111,1058,517,40,206,123,41
738,1022,85,113,470,775,92,613,104,162,841,969,756,954,142,100,704,0,367,29,51,285,42,943,782,23,737,913,16,530,391,559,634,986,962,846,667,938,113,233,177,935,1024,884,139,93,1059,987,126,92,890,386,363,896,482,780,878,139,642,313,450,481,93,563,1122,417,22,23,221,569,135,32,11,986,983,144,497,459,874,130,325,327,1124,449,36,82,36,222,19,19,100,272,19,25,123,23,353,453,446,95,1134,675,110,239,177,50
884,1230,161,222,752,993,160,1025,223,281,1084,1143,944,1137,284,211,894,774,0,53,92,472,116,1085,980,41,851,1090,32,709,603,721,850,1162,1110,969,865,1108,194,343,283,1165,1152,1084,217,200,1194,1167,194,179,1081,475,490,1066,671,986,945,210,855,431,629,668,152,784,1198,575,26,51,356,749,161,73,30,1112,1098,277,731,613,1130,143,412,496,1245,655,41,143,45,373,19,36,146,496,29,27,199,49,511,622,642,170,1192,902,164,385,285,61
1269,1299,1277,1104,1202,1299,1116,1331,1124,1188,1274,1278,1329,1340,1265,1233,1250,1311,1282,0,1062,1304,1041,1323,1331,688,1223,1274,853,1316,1241,1281,1297,1287,1345,1237,1285,1298,1183,1136,1108,1305,1294,1203,1120,1146,1298,1363,1139,1251,1368,1161,1167,1298,1278,1232,1297,1226,1239,1272,1209,1251,874,1328,1336,1194,799,1015,1233,1263,1178,880,173,1318,1240,1156,1280,1211,1238,909,1226,1210,1259,1282,923,1050,974,1208,610,753,1041,1228,523,411,978,904,1205,1259,1252,1135,1251,1304,1012,1259,1260,971
1159,1301,875,878,1273,1174,899,1234,946,948,1284,1344,1217,1239,927,990,1174,1223,1255,191,0,1185,561,1274,1224,185,1192,1229,359,1219,1115,1200,1138,1276,1243,1164,1207,1175,918,959,930,1291,1305,1217,954,825,1221,1299,1004,855,1245,1054,991,1236,1182,1221,1253,1022,1205,1071,1193,1157,584,1171,1270,1130,355,494,1069,1200,887,542,41,1263,1285,948,1147,1128,1258,627,1146,1070,1265,1083,540,713,669,981,196,250,779,1138,105,119,745,389,1015,1122,1153,787,1301,1227,739,1056,1073,618
889,1127,244,388,784,981,287,912,388,407,1049,1113,978,1119,309,354,837,913,751,66,178,0,112,1094,1053,39,868,1089,88,862,749,776,775,1090,1104,1118,962,1037,259,508,440,1129,1110,1022,368,265,1203,1135,394,234,1062,605,595,1060,764,961,975,425,958,629,700,713,236,927,1252,790,119,131,542,814,325,189,19,1139,1099,421,733,704,1049,296,664,630,1202,720,161,301,144,560,59,34,317,623,32,55,327,66,633,724,750,262,1272,938,321,547,448,160
1170,1234,984,986,1157,1218,891,1195,986,983,1215,1278,1178,1278,1036,1135,1200,1287,1150,231,748,1149,0,1268,1291,204,1208,1260,401,1211,1164,1183,1148,1309,1248,1231,1280,1292,1064,1026,975,1290,1275,1161,960,889,1211,1248,997,989,1247,1039,1043,1235,1139,1198,1210,1015,1170,1060,1122,1118,646,1193,1300,1129,438,550,1113,1133,949,636,59,1350,1239,1040,1150,1053,1297,713,1102,1119,1287,1200,665,764,729,971,270,299,821,1173,195,176,793,506,1087,1133,1130,904,1275,1176,811,1144,1042,754
193,803,45,25,119,240,51,147,36,34,325,397,154,555,83,53,165,199,104,28,50,111,48,0,212,26,221,442,20,167,48,175,133,572,438,274,195,424,41,22,25,388,627,379,29,67,955,537,34,62,330,59,44,382,74,290,253,39,162,49,74,57,26,169,913,80,19,17,50,132,43,21,18,508,418,43,90,64,350,36,72,53,901,70,22,23,31,54,15,32,26,83,37,23,32,21,33,79,71,33,778,120,16,60,35,22
529,987,55,35,245,524,56,372,35,52,721,849,394,921,99,75,430,357,188,21,35,214,38,912,0,18,535,787,15,286,136,318,334,908,786,583,403,801,76,38,34,799,960,765,50,76,1112,907,30,75,666,128,98,732,160,559,606,52,380,101,166,145,32,318,1146,141,13,9,85,324,37,20,5,828,764,47,259,124,718,39,123,110,1075,156,16,31,19,87,10,13,28,107,18,23,29,18,94,155,168,30,1048,327,31,79,46,25
1223,1315,1236,1213,1303,1329,1193,1360,1171,1241,1273,1316,1353,1314,1255,1272,1275,1270,1269,540,1145,1346,1110,1316,1334,0,1254,1282,947,1379,1187,1265,1279,1304,1263,1347,1272,1275,1152,1211,1210,1276,1291,1345,1166,1192,1300,1280,1163,1233,1257,1218,1214,1264,1296,1276,1346,1171,1251,1244,1249,1298,985,1297,1334,1247,824,1044,1169,1226,1187,963,134,1363,1255,1179,1219,1206,1330,999,1326,1270,1338,1176,977,1096,1041,1213,589,759,1094,1219,486,317,1055,1000,1232,1257,1240,1127,1314,1205,1096,1259,1317,1061
575,1056,172,104,393,642,140,411,107,116,759,833,498,906,237,214,476,492,324,67,88,338,145,896,611,46,0,855,32,475,221,399,347,915,905,682,534,867,156,98,95,778,1005,810,89,181,1167,960,105,171,743,167,96,850,267,735,648,171,515,202,232,199,33,494,1142,262,29,41,178,282,94,36,34,890,787,158,233,187,802,35,235,221,1084,304,49,42,70,186,35,44,78,271,33,37,39,43,129,231,251,88,1022,488,46,148,161,56
258,831,40,23,133,302,44,174,31,33,402,521,186,681,73,46,252,215,123,12,29,133,23,678,312,13,338,0,13,159,55,152,157,633,559,366,250,538,39,22,15,516,708,460,29,46,1036,632,24,53,485,63,39,490,86,359,349,38,224,65,72,61,17,186,905,66,4,15,61,150,19,10,13,679,474,33,110,83,454,17,61,71,952,78,19,15,19,45,10,10,18,85,10,21,17,15,59,78,93,33,855,208,22,64,41,14
1281,1349,1129,1214,1328,1353,1103,1306,1169,1224,1293,1352,1396,1269,1134,1191,1295,1314,1282,487,993,1230,937,1334,1275,465,1314,1362,0,1304,1219,1286,1294,1303,1276,1321,1294,1332,1159,1230,1084,1295,1321,1311,1227,1080,1312,1337,1237,1067,1328,1225,1216,1314,1281,1370,1312,1235,1305,1333,1342,1308,938,1323,1370,1282,616,816,1260,1343,1229,846,116,1373,1281,1121,1323,1259,1311,831,1325,1268,1360,1303,828,1033,927,1268,345,425,1051,1212,189,188,972,700,1203,1279,1311,1076,1325,1347,1067,1194,1162,936
743,1089,100,167,549,825,127,769,146,224,920,1012,739,1071,154,141,680,693,504,29,55,408,59,1067,906,19,742,970,17,0,442,567,645,1120,1061,919,759,998,114,277,258,1027,1074,926,188,120,1178,1069,127,105,936,411,408,891,547,794,886,156,758,431,463,496,158,688,1121,495,29,28,299,596,157,63,15,1108,981,220,549,466,996,175,390,400,1158,507,53,136,63,325,14,25,121,374,22,37,194,22,411,518,505,115,1232,759,180,291,185,71
1029,1167,226,217,717,1054,204,1006,226,284,1103,1210,1031,1189,306,339,973,783,637,93,142,526,186,1248,1067,42,979,1161,53,788,0,777,895,1225,1148,1115,966,1155,299,333,258,1181,1219,1154,224,284,1204,1207,203,245,1072,513,491,1186,705,1072,1127,298,924,498,734,749,112,849,1187,702,31,74,440,848,224,80,22,1165,1136,300,822,688,1195,116,510,501,1210,687,48,77,79,393,31,49,135,471,36,29,127,51,490,610,663,211,1222,977,186,422,313,101
768,1164,230,192,576,810,199,689,213,191,954,1008,768,1131,282,251,756,659,537,67,144,484,129,1069,887,64,838,983,69,587,433,0,597,1057,985,836,731,976,218,251,238,992,1138,958,199,262,1103,1023,206,242,925,374,310,985,487,840,917,264,679,373,509,459,74,662,1146,467,44,79,342,648,211,57,28,1000,990,225,587,450,1015,79,435,335,1223,533,90,133,96,297,29,59,123,363,28,43,111,54,347,478,481,154,1119,695,116,341,287,93
754,1132,226,112,597,809,167,665,132,142,980,1083,723,1013,280,301,757,595,456,66,137,435,151,1079,863,43,811,1028,21,565,334,606,0,1069,1046,898,650,1034,192,142,154,907,1093,987,96,220,1180,1129,138,194,992,294,213,995,392,912,908,231,685,311,408,340,44,593,1166,372,18,46,320,464,130,44,29,1062,969,202,484,402,1020,42,311,286,1178,416,37,46,62,201,21,41,70,337,18,27,28,50,258,379,410,133,1197,655,61,286,221,56
201,805,36,26,105,250,23,146,39,28,317,420,140,516,61,43,209,172,77,15,28,114,24,562,190,24,260,424,15,119,50,101,131,0,436,273,133,464,42,35,23,451,626,424,34,50,909,611,22,47,388,81,37,442,62,353,263,29,157,51,62,58,34,163,874,65,9,19,43,111,19,23,11,563,387,37,97,44,431,20,57,59,942,69,13,16,19,49,7,23,24,57,23,21,28,19,44,65,79,29,809,162,28,57,21,20
220,914,33,15,119,252,32,181,21,27,412,493,178,638,48,41,221,193,75,20,22,112,23,640,293,10,300,579,8,136,37,197,131,664,0,343,151,584,33,20,8,504,735,462,20,32,987,691,21,46,507,63,47,488,62,371,311,17,211,38,58,71,28,158,964,65,13,14,41,156,17,14,9,615,499,28,104,77,537,18,45,62,996,76,7,13,18,50,7,13,15,66,7,21,21,17,60,81,85,30,920,107,20,43,25,17
494,972,76,64,269,490,79,398,72,82,648,752,439,868,153,93,417,354,208,50,66,216,72,905,533,30,465,766,36,316,131,284,316,887,789,0,363,816,73,70,57,807,942,676,54,113,1092,851,73,94,639,126,100,715,165,595,579,78,407,125,177,180,35,312,1083,172,20,39,106,250,63,31,19,799,724,67,240,176,705,41,142,149,1078,188,29,43,52,138,18,35,51,159,26,38,43,26,121,187,206,71,984,342,50,122,87,35
737,1129,106,98,457,751,127,620,92,146,881,953,673,1010,149,110,643,561,337,32,75,281,61,1038,750,31,709,892,16,487,326,479,509,1072,1002,763,0,918,105,162,140,972,1078,868,102,107,1108,1058,93,115,826,278,286,915,389,793,770,103,629,262,409,366,82,520,1182,375,24,36,181,548,86,35,12,1047,912,100,450,351,927,103,246,265,1186,373,42,72,26,205,21,15,102,272,16,33,109,28,269,336,372,79,1085,610,85,196,122,37
264,851,33,24,156,283,45,204,43,27,433,471,255,609,102,63,240,225,128,21,28,129,32,668,326,18,289,569,11,215,56,169,119,639,505,316,249,0,45,22,32,529,712,448,29,53,1045,631,42,51,469,61,43,516,66,390,359,48,189,55,71,80,19,189,949,88,21,14,57,109,37,17,15,665,468,37,93,75,499,23,82,60,973,107,14,22,19,55,9,12,15,77,18,25,14,21,44,98,72,33,853,201,11,41,48,13
1167,1229,633,681,1052,1190,581,1130,734,716,1174,1258,1108,1260,663,772,1109,1180,1057,110,358,1033,276,1217,1205,88,1086,1265,151,1115,971,1038,1019,1216,1171,1157,1188,1241,0,767,726,1176,1284,1210,665,545,1237,1193,682,595,1202,871,824,1161,1011,1092,1163,853,1119,872,968,1049,439,1083,1298,1067,179,260,913,996,687,340,27,1263,1245,714,1031,945,1253,453,999,970,1263,1028,318,469,337,925,101,100,583,937,57,76,473,213,896,1018,1021,599,1296,1171,548,901,786,385
1156,1238,418,480,933,1169,376,1181,449,554,1275,1223,1189,1297,515,492,1162,992,895,154,262,712,247,1162,1249,83,1070,1207,104,980,944,1031,1060,1195,1201,1258,1092,1272,476,0,487,1251,1208,1251,395,446,1320,1268,505,423,1185,804,760,1292,1005,1221,1192,535,1220,813,1072,1027,242,1061,1249,939,57,156,670,1066,390,103,49,1204,1266,515,1072,959,1265,196,883,778,1190,1014,102,246,177,691,44,61,286,758,30,47,279,98,774,874,963,355,1239,1128,311,654,531,152
1179,1279,582,583,1045,1216,507,1167,551,638,1236,1230,1223,1314,577,604,1218,1130,914,209,361,837,372,1258,1194,163,1232,1283,183,1050,979,1109,1158,1229,1268,1220,1165,1270,548,775,0,1232,1298,1224,521,550,1325,1270,575,488,1244,918,879,1243,1114,1221,1310,655,1157,926,1084,1111,309,1111,1310,1055,121,263,780,1089,561,178,76,1257,1207,643,1150,1051,1226,307,909,874,1303,1011,205,328,245,805,88,147,411,811,76,62,357,143,884,1024,1098,472,1219,1263,448,744,649,310
283,862,26,20,100,263,19,214,27,17,455,484,196,652,48,43,281,166,77,18,17,99,29,702,314,13,375,533,10,144,65,187,177,676,542,331,225,550,28,11,17,0,739,442,23,34,983,645,13,43,416,76,58,459,74,368,332,16,162,36,78,55,18,183,909,71,9,7,32,176,14,12,11,641,461,24,119,99,501,17,51,55,941,77,6,14,15,51,13,13,14,53,18,26,25,14,47,68,76,23,853,176,10,24,23,23
131,765,23,17,89,170,32,96,12,20,251,274,99,433,46,47,127,141,36,10,17,83,20,477,169,11,164,311,7,83,31,95,80,428,323,175,123,348,22,11,8,319,0,288,17,32,844,451,15,34,303,29,13,292,32,217,124,11,89,22,27,29,11,101,850,53,11,7,18,83,6,13,11,457,299,22,55,30,302,4,26,42,829,36,8,14,10,29,5,16,10,34,18,20,19,10,33,34,50,16,778,85,10,38,16,15
296,994,54,51,198,369,55,243,52,48,547,609,289,753,100,70,287,264,133,19,52,154,42,741,406,29,333,599,23,263,81,197,185,722,580,431,252,628,57,36,36,627,795,0,43,80,986,676,58,79,517,92,57,569,101,437,470,40,242,79,86,117,23,224,1023,105,16,31,71,173,49,29,30,746,533,43,165,112,523,24,102,106,995,158,29,25,27,76,18,24,30,97,21,33,30,41,76,109,112,42,898,247,33,88,62,33
1238,1298,605,654,1088,1223,529,1206,665,728,1300,1243,1223,1357,707,662,1232,1148,1054,204,402,902,378,1273,1318,154,1183,1367,95,1117,1031,1058,1212,1272,1208,1200,1173,1200,602,884,728,1281,1211,1173,0,514,1273,1237,650,546,1282,976,937,1261,1197,1173,1216,723,1208,970,1113,1166,338,1192,1358,1069,109,203,876,1116,611,213,57,1227,1179,690,1158,1048,1263,330,985,1005,1216,1036,232,383,215,934,55,91,466,939,45,41,503,166,883,1113,1119,484,1222,1215,431,849,760,297
1157,1270,678,761,1039,1118,658,1142,782,795,1142,1201,1100,1224,736,801,1055,1133,1114,131,359,1017,361,1232,1210,87,1058,1265,207,1174,963,1067,1064,1155,1272,1239,1110,1239,784,857,721,1232,1197,1134,718,0,1324,1280,765,631,1195,899,852,1195,970,1149,1229,823,1166,912,943,1035,531,1115,1231,1036,266,289,936,996,777,417,24,1259,1153,729,983,970,1206,452,1049,976,1263,993,439,576,427,890,167,148,632,969,79,99,580,287,944,991,1019,672,1228,1167,679,919,864,504
29,325,16,21,35,69,27,40,13,14,99,108,45,169,15,18,56,67,22,8,19,45,12,179,63,13,80,133,11,47,9,47,27,138,104,57,45,144,10,14,15,123,210,111,14,18,0,175,15,36,137,15,17,95,14,104,50,14,49,20,17,21,12,46,468,19,9,8,18,42,24,18,12,229,101,13,32,20,125,12,22,25,424,21,9,14,12,33,10,15,11,25,16,36,14,9,14,29,23,15,450,38,14,19,10,16
140,886,26,19,80,220,22,117,20,26,300,350,126,499,61,30,198,134,59,12,20,69,15,539,214,15,243,410,3,108,32,136,105,460,400,245,126,436,26,23,14,431,608,393,16,29,974,0,8,35,385,41,45,364,47,295,224,25,146,34,38,38,16,112,866,45,6,8,38,117,9,16,6,554,366,14,77,50,402,10,31,56,873,68,12,23,15,32,12,17,17,60,9,5,19,7,43,45,55,22,820,78,7,42,17,13
1194,1268,496,616,1045,1199,477,1179,569,728,1256,1226,1215,1260,590,614,1099,1087,1038,146,343,851,293,1257,1264,112,1113,1224,100,1102,1023,1027,1073,1238,1166,1255,1212,1229,524,757,658,1223,1300,1284,610,451,1242,1222,0,422,1257,872,822,1234,1092,1195,1128,710,1223,914,1055,1138,316,1148,1284,1057,71,181,853,1133,521,201,32,1224,1243,609,1099,976,1262,362,1052,920,1328,1096,162,346,218,843,57,81,461,874,31,55,414,117,937,1027,1077,343,1208,1193,508,884,636,214
1126,1218,623,799,1072,1164,634,1162,761,761,1157,1212,1157,1283,635,806,1071,1143,1069,98,386,1056,257,1160,1150,67,1117,1192,193,1140,921,1056,1029,1243,1169,1176,1205,1246,663,872,772,1204,1327,1219,752,613,1249,1289,763,0,1174,953,820,1153,1004,1189,1181,853,1171,1013,1010,1025,478,1175,1211,1045,204,301,967,982,698,373,29,1245,1233,740,1034,936,1183,515,1046,988,1285,1045,369,584,377,933,129,82,629,969,61,113,573,190,933,1047,991,731,1274,1155,640,953,838,443
310,899,38,38,171,364,45,274,29,37,546,648,305,757,86,69,319,265,141,17,23,150,45,787,412,17,363,631,8,240,65,237,218,743,636,499,300,606,46,31,36,600,831,576,30,53,975,683,31,68,0,80,85,615,108,491,436,53,303,80,93,110,22,223,1000,103,16,12,63,198,37,16,8,712,562,51,173,128,525,27,90,85,974,152,15,22,21,68,11,19,27,91,11,20,27,19,87,118,149,46,911,285,26,82,62,18
1039,1200,383,396,855,1112,308,1026,392,427,1129,1279,1031,1209,445,413,982,841,744,149,293,704,225,1234,1130,117,1121,1172,89,852,709,876,995,1208,1209,1137,977,1180,397,448,390,1143,1243,1147,323,368,1233,1205,336,325,1172,0,577,1202,865,1113,1116,452,972,644,872,781,140,940,1282,728,69,142,556,929,318,100,48,1179,1163,402,896,781,1205,141,681,611,1184,811,100,183,176,567,37,75,269,567,57,40,178,111,587,769,778,313,1177,972,207,544,479,138
1139,1234,457,423,843,1107,379,1070,383,459,1179,1269,1135,1260,518,499,1117,861,784,147,281,691,299,1213,1205,132,1130,1238,114,856,795,927,1029,1220,1210,1186,961,1147,465,459,376,1236,1262,1201,388,394,1310,1246,401,446,1197,657,0,1206,894,1238,1197,479,957,643,923,880,153,937,1327,825,68,189,626,1065,384,131,63,1178,1202,448,992,850,1208,166,690,713,1194,853,115,193,183,601,75,105,250,721,54,57,185,128,617,715,802,363,1299,1093,184,556,517,176
288,1040,60,39,161,350,68,242,37,39,499,576,251,690,121,79,219,274,133,23,52,175,48,729,316,24,318,606,18,219,60,219,154,710,581,391,281,555,56,46,22,613,789,499,28,72,1074,763,36,73,500,55,49,0,80,388,359,50,247,67,62,85,29,230,1056,84,13,21,73,114,43,19,13,654,562,44,115,55,564,18,75,90,974,116,21,21,21,68,10,24,29,109,16,23,29,24,55,94,85,45,936,208,28,69,52,19
946,1160,184,154,635,976,164,879,164,202,1037,1178,902,1197,325,282,943,744,513,55,113,448,145,1161,1006,38,955,1086,29,729,494,735,784,1174,1181,994,781,1115,224,205,165,1119,1190,1106,133,219,1188,1179,168,196,1059,387,336,1148,0,1035,1062,231,856,376,540,552,75,775,1233,559,22,55,297,788,155,38,19,1064,1145,215,721,515,1148,83,387,430,1235,534,38,77,52,313,14,27,109,386,26,29,100,41,361,513,494,147,1190,853,95,309,226,61
375,1024,109,81,310,595,95,354,68,88,647,726,430,927,193,164,388,403,246,35,70,255,62,879,584,32,471,757,21,377,129,339,253,836,778,567,452,756,107,89,50,797,915,703,62,145,1062,912,71,88,691,124,85,735,170,0,561,111,424,139,190,167,39,352,1057,183,12,31,161,231,53,31,14,765,712,89,237,155,766,18,180,160,1021,237,24,28,37,120,22,28,39,183,15,22,22,25,111,193,182,71,953,417,35,101,98,35
435,1035,98,49,262,490,73,319,60,49,680,892,430,892,159,98,438,374,202,38,46,232,51,913,438,27,521,809,15,328,101,330,301,918,788,547,393,789,88,56,37,761,996,727,57,95,1134,986,52,102,714,99,75,725,132,586,0,53,366,93,104,96,37,311,1201,134,19,19,89,245,51,23,18,859,714,50,172,137,760,31,110,119,1125,128,22,31,32,97,15,24,36,139,16,21,22,19,82,115,143,45,1078,359,28,99,75,44
1147,1272,463,611,1052,1210,388,1119,552,598,1168,1189,1182,1218,529,548,1086,1129,990,103,287,794,243,1237,1207,112,1117,1255,104,1070,965,941,1076,1216,1184,1144,1118,1179,410,731,592,1218,1217,1236,502,411,1255,1297,603,406,1207,812,802,1213,1039,1159,1191,0,1127,802,970,1016,333,1060,1279,1016,91,140,806,1006,562,232,35,1234,1274,573,1025,928,1254,355,980,881,1345,1033,197,407,206,819,75,71,487,846,49,54,436,85,807,973,971,417,1210,1083,474,770,655,244
708,1110,93,81,392,664,92,574,90,101,838,926,698,1025,170,109,632,479,323,35,72,242,66,1033,762,32,706,839,20,427,290,490,514,1025,970,802,595,961,90,134,93,979,1046,925,86,121,1193,992,77,70,848,267,259,915,330,779,787,100,0,212,392,316,56,477,1156,269,15,30,145,471,72,33,17,945,927,103,453,352,863,84,249,221,1136,333,20,45,30,144,18,25,60,200,12,29,72,18,245,303,332,66,1054,588,60,124,101,28
1087,1180,310,345,856,1091,305,1083,288,366,1148,1262,1048,1225,401,374,1037,896,728,101,226,584,183,1274,1171,69,990,1240,77,762,752,861,922,1251,1225,1062,997,1125,348,497,348,1166,1144,1215,312,333,1281,1209,305,308,1198,588,622,1187,850,1156,1143,398,1048,0,837,816,168,874,1214,788,56,97,513,945,285,102,29,1178,1170,323,907,848,1227,188,667,649,1256,800,81,191,115,519,53,57,198,564,35,36,232,73,586,765,812,270,1209,1069,242,481,377,143
1057,1248,233,174,684,991,223,865,232,223,1078,1185,1010,1191,315,309,915,735,528,63,146,494,160,1184,1060,64,936,1086,43,721,474,744,826,1233,1180,1010,816,1178,288,275,205,1140,1184,1120,160,263,1238,1182,200,255,1082,384,346,1145,608,1050,1116,268,928,390,0,616,69,816,1244,522,22,55,345,746,167,41,27,1125,1105,221,729,463,1100,65,424,380,1213,554,40,71,64,309,18,48,103,421,42,19,99,47,307,501,520,162,1129,886,78,321,265,71
1014,1220,217,180,690,1037,199,877,166,228,1145,1189,944,1186,311,280,1073,713,514,50,119,509,124,1205,1025,56,1002,1150,25,713,475,728,831,1185,1139,1063,826,1158,229,220,164,1097,1145,1062,137,220,1219,1230,140,229,1106,374,351,1128,646,1004,1089,228,850,413,545,0,60,740,1215,484,16,38,300,740,141,35,21,1131,1134,238,756,523,1189,66,430,401,1231,595,33,44,62,301,17,32,77,395,15,18,60,38,343,441,503,133,1204,844,63,316,236,52
1312,1314,853,970,1237,1347,830,1238,970,1051,1317,1330,1244,1349,837,945,1266,1194,1174,393,687,1081,637,1266,1213,363,1300,1295,408,1158,1241,1174,1205,1270,1314,1295,1192,1234,922,1177,950,1317,1339,1215,949,841,1338,1267,921,809,1229,1132,1131,1330,1196,1320,1248,943,1252,1162,1308,1325,0,1316,1366,1186,316,509,1084,1211,895,464,117,1295,1343,968,1304,1280,1314,578,1204,1166,1290,1162,535,753,592,1125,204,308,850,1099,123,69,734,401,1158,1214,1275,741,1305,1226,830,1136,979,547
748,1078,102,102,474,801,106,661,88,128,983,984,769,1012,165,149,759,607,397,31,74,320,60,1046,874,21,768,1036,18,525,365,570,545,978,918,844,654,997,134,192,146,998,1026,984,114,119,1143,1038,92,84,909,333,280,915,468,855,832,156,704,292,443,388,74,0,1174,369,24,25,229,556,104,33,15,1052,1008,141,493,407,911,55,271,266,1190,403,34,36,50,165,10,20,74,255,19,34,88,21,305,379,430,109,1163,680,86,203,173,29
60,443,19,9,45,85,18,51,18,14,144,143,58,210,25,19,57,66,29,16,18,35,12,214,71,8,96,169,18,38,19,50,42,250,167,97,72,172,13,11,10,159,273,121,22,25,624,272,8,27,154,26,15,176,33,131,87,12,42,31,19,24,16,35,0,19,15,10,20,52,15,14,15,282,162,16,31,30,165,14,25,16,589,21,12,12,16,14,4,14,8,32,11,21,16,9,16,21,18,21,462,35,12,25,22,14
984,1220,205,193,685,1001,191,908,189,244,1071,1166,954,1208,291,288,925,775,565,57,135,515,120,1204,1078,48,911,1152,30,749,528,767,806,1255,1172,1066,899,1111,238,317,237,1136,1198,1088,154,231,1146,1198,183,231,1100,482,444,1118,663,1029,1090,234,909,423,652,650,95,807,1205,0,28,50,357,807,172,53,24,1145,1123,234,798,635,1154,112,435,450,1204,669,36,90,76,346,21,37,129,441,18,30,126,44,441,621,627,142,1220,894,115,314,281,55
1292,1350,1076,1218,1250,1348,1126,1310,1216,1273,1271,1294,1386,1297,1075,1195,1279,1296,1304,579,908,1173,816,1340,1331,504,1309,1356,683,1307,1289,1324,1250,1339,1375,1335,1279,1352,1147,1234,1270,1347,1338,1320,1258,1059,1340,1296,1258,1102,1340,1279,1244,1319,1341,1330,1334,1232,1338,1241,1296,1342,986,1288,1393,1284,0,853,1312,1324,1260,1063,148,1317,1274,1206,1370,1332,1333,982,1307,1232,1349,1356,949,1107,965,1298,382,448,1160,1253,213,166,1064,757,1281,1186,1378,1193,1380,1336,1144,1307,1255,981
1235,1286,949,1147,1156,1319,1000,1302,1124,1119,1224,1344,1232,1337,1022,1089,1215,1200,1167,346,823,1193,716,1293,1295,272,1247,1382,482,1289,1212,1223,1234,1350,1337,1323,1244,1280,1066,1128,1064,1276,1411,1264,1067,976,1277,1317,1121,1031,1281,1119,1164,1295,1265,1351,1272,1217,1253,1198,1208,1255,765,1281,1294,1244,406,0,1236,1251,1144,680,73,1259,1277,1097,1297,1193,1267,748,1287,1167,1328,1267,601,895,772,1142,233,273,1021,1205,124,157,828,527,1189,1260,1265,1016,1310,1229,903,1157,1193,792
1127,1189,306,352,889,1078,300,1111,339,484,1110,1159,1079,1171,439,422,981,992,834,79,177,638,181,1197,1222,47,1054,1196,50,933,777,888,921,1185,1225,1164,1041,1212,338,524,463,1198,1173,1186,387,317,1214,1218,386,294,1178,666,667,1161,930,1115,1152,419,1060,680,887,917,239,956,1206,923,46,92,0,887,390,122,26,1235,1242,436,906,768,1226,230,829,718,1228,926,95,262,118,667,33,56,275,714,30,43,299,65,715,785,793,275,1246,1035,309,618,437,126
794,1174,232,163,563,760,181,663,172,176,948,1014,757,1049,304,284,787,629,462,81,154,450,162,1069,873,68,913,1004,41,606,370,602,679,1089,1094,924,684,1082,217,182,129,999,1184,999,144,224,1239,1098,171,211,982,304,218,1055,397,962,981,237,741,310,400,407,58,627,1195,372,35,67,302,0,149,52,29,1029,973,222,542,429,1061,48,354,317,1189,509,52,73,93,245,28,50,87,358,26,29,61,58,287,398,417,168,1074,757,89,325,268,60
1185,1276,515,648,1101,1181,500,1256,655,792,1280,1270,1209,1155,647,626,1210,1156,1116,178,348,951,311,1320,1181,117,1134,1294,115,1080,1027,1115,1195,1285,1333,1180,1176,1274,589,819,763,1293,1213,1233,682,514,1266,1252,671,512,1223,947,902,1266,1186,1205,1200,771,1221,980,1126,1138,412,1214,1287,1064,102,223,899,1106,0,274,32,1276,1254,710,1135,1064,1236,391,1103,1003,1251,1090,191,461,197,920,65,79,476,1016,43,58,492,116,928,1031,1069,454,1249,1231,563,916,760,243
1247,1323,940,1109,1269,1317,928,1324,1081,1151,1333,1328,1314,1382,942,1023,1295,1258,1248,419,744,1104,640,1279,1267,358,1221,1277,440,1205,1277,1240,1276,1319,1371,1316,1236,1249,964,1151,1092,1299,1329,1274,1071,857,1286,1296,1121,974,1279,1190,1222,1326,1293,1359,1329,1090,1281,1135,1233,1233,832,1222,1330,1245,288,626,1186,1291,985,0,90,1347,1372,1022,1259,1202,1259,779,1275,1201,1300,1273,646,981,667,1162,191,289,963,1199,148,88,893,520,1213,1254,1255,986,1310,1341,988,1164,1128,756
1331,1361,1312,1313,1311,1291,1294,1290,1315,1339,1329,1320,1394,1268,1294,1343,1386,1343,1375,1178,1306,1315,1213,1270,1359,1219,1350,1361,1198,1367,1365,1304,1362,1384,1365,1360,1320,1262,1330,1307,1342,1372,1319,1317,1300,1301,1330,1340,1336,1286,1361,1329,1262,1262,1286,1343,1345,1339,1345,1320,1362,1300,1265,1299,1281,1305,1230,1302,1402,1316,1337,1296,0,1338,1360,1299,1359,1339,1384,1173,1357,1248,1360,1304,1203,1215,1333,1283,1128,1263,1326,1346,1064,813,1264,1256,1209,1274,1342,1279,1305,1343,1251,1282,1337,1283
237,742,29,29,135,300,29,164,20,37,379,502,209,548,41,20,266,162,70,15,19,54,14,569,280,7,321,458,8,108,71,170,161,487,464,333,185,498,27,35,28,493,597,397,34,29,836,543,17,41,424,85,63,427,90,346,357,25,178,53,107,105,27,144,841,67,11,11,30,172,11,14,9,0,440,25,134,114,454,28,55,70,857,85,10,15,15,48,9,14,21,65,17,15,38,12,73,88,113,14,730,196,18,43,25,22
369,885,30,29,140,372,32,244,29,36,521,618,295,705,50,58,351,209,104,14,26,132,23,701,350,23,398,608,18,162,76,234,216,693,612,385,234,624,32,34,29,587,761,585,38,39,974,707,28,38,512,82,63,575,81,431,379,25,222,49,118,92,30,211,998,92,12,9,48,209,24,10,13,738,0,31,141,113,492,18,80,86,927,93,22,22,17,58,12,10,19,73,12,24,22,14,79,92,103,26,862,206,17,45,26,13
1167,1311,555,614,990,1236,483,1176,583,664,1268,1334,1207,1270,561,622,1115,1166,1057,171,367,880,274,1239,1238,121,1153,1260,182,1074,986,1099,1065,1250,1299,1217,1162,1298,533,761,638,1285,1288,1188,604,553,1366,1307,621,482,1258,789,818,1319,1097,1219,1229,623,1264,949,1051,1043,386,1216,1322,1027,161,295,819,1041,569,264,84,1257,1319,0,1063,1002,1264,404,938,992,1269,1079,234,436,319,850,112,156,470,919,121,137,460,158,900,1029,1032,489,1249,1141,517,804,761,277
901,1231,216,149,610,879,175,694,191,199,1057,1139,811,1161,308,257,835,638,463,69,129,475,162,1190,945,53,971,1099,36,617,394,639,723,1091,1106,957,735,1066,215,188,161,1092,1149,1016,120,215,1209,1151,151,232,1037,273,257,1113,498,980,1000,249,757,304,501,446,44,649,1246,423,34,61,310,633,127,37,16,1093,1071,196,0,480,1125,54,343,326,1218,472,57,43,59,211,27,34,75,350,14,35,59,55,274,356,422,137,1171,772,87,272,198,39
1080,1252,309,303,715,940,278,872,311,294,1188,1179,975,1168,409,355,986,768,663,125,218,569,242,1209,1077,108,993,1220,74,750,589,739,885,1131,1154,1045,888,1181,349,324,273,1155,1231,1143,251,345,1265,1176,247,309,1130,459,367,1168,701,1164,1131,345,917,449,814,686,121,750,1287,655,49,114,434,775,240,74,39,1107,1149,292,775,0,1122,108,507,500,1247,642,74,120,134,392,38,80,161,502,41,46,105,73,403,543,608,251,1168,862,121,395,326,89
323,940,44,32,182,327,30,224,31,41,482,644,291,715,74,65,281,241,104,19,27,135,27,735,386,20,384,561,6,200,80,211,217,722,595,441,281,629,33,38,30,570,755,577,31,37,984,679,31,51,638,72,51,603,109,430,384,29,240,54,96,82,34,202,1020,74,14,7,46,207,26,15,14,639,557,36,137,93,0,21,54,79,986,108,13,13,11,44,7,8,10,74,10,24,11,15,58,74,118,16,901,213,22,47,40,17
1314,1380,863,963,1192,1291,853,1215,961,1012,1276,1351,1236,1227,819,902,1356,1190,1091,437,734,973,635,1350,1261,356,1280,1315,413,1107,1222,1239,1275,1349,1332,1258,1250,1349,863,1116,990,1330,1280,1263,961,807,1360,1307,983,767,1310,1120,1186,1263,1267,1301,1180,885,1215,1107,1230,1260,700,1227,1333,1177,367,577,1111,1258,919,501,113,1306,1320,907,1243,1260,1315,0,1168,1115,1409,1240,592,809,616,1059,194,302,847,1073,155,85,783,424,1153,1115,1266,827,1275,1223,845,1043,1015,642
997,1209,232,245,757,1002,208,1039,287,283,1126,1118,1033,1197,341,284,947,899,762,64,134,562,122,1210,1070,36,999,1099,25,807,649,771,847,1213,1119,1067,918,1187,234,398,331,1121,1193,1156,231,215,1247,1198,227,224,1100,557,521,1069,807,1040,1080,277,970,527,783,776,131,935,1214,749,20,42,426,858,182,47,20,1153,1180,318,854,727,1138,169,0,551,1219,728,47,119,52,375,19,35,121,483,34,25,176,32,541,696,718,143,1263,990,143,377,277,67
1033,1152,275,285,831,994,245,971,324,372,1101,1121,1053,1136,397,360,1005,887,735,72,184,570,152,1160,1060,67,1054,1131,74,820,758,851,927,1258,1192,1087,943,1112,344,426,404,1126,1166,1157,316,281,1227,1236,329,248,1104,628,584,1104,854,1055,1051,403,981,556,791,859,151,969,1219,785,44,131,503,891,254,92,13,1162,1139,339,833,812,1106,163,719,0,1224,768,81,175,92,459,32,51,183,558,25,34,156,47,629,766,748,202,1203,964,177,446,372,109
75,427,19,10,45,86,10,40,15,13,92,125,40,179,24,15,56,57,18,13,20,22,15,246,73,9,94,170,13,40,21,47,35,200,157,97,54,167,11,17,8,154,259,119,16,17,594,228,12,20,165,23,20,160,21,146,80,17,52,23,17,17,12,40,446,15,8,7,19,43,19,15,15,283,138,10,28,24,178,15,17,11,0,12,6,10,10,14,8,8,7,13,13,23,9,10,19,16,23,9,439,33,17,16,13,9
945,1229,223,223,657,954,232,871,233,224,1091,1137,922,1138,301,290,877,721,557,75,165,508,149,1193,1067,60,949,1137,48,707,544,728,831,1170,1128,1004,836,1124,246,258,216,1137,1162,1086,203,267,1238,1244,199,227,1028,465,391,1112,645,957,1056,262,920,430,672,667,109,797,1228,533,36,63,326,772,180,74,27,1085,1081,219,773,543,1110,118,484,422,1162,0,37,92,78,333,28,38,111,432,23,45,109,56,415,571,587,141,1261,888,129,366,289,80
1317,1354,972,1159,1251,1313,947,1266,1093,1132,1357,1198,1305,1326,1021,1022,1256,1298,1249,356,665,1147,635,1301,1347,326,1271,1276,482,1287,1254,1252,1300,1315,1290,1283,1278,1248,932,1173,1164,1296,1257,1260,1109,902,1325,1321,1095,886,1285,1235,1210,1305,1294,1311,1297,1090,1335,1175,1262,1258,815,1341,1286,1224,385,657,1180,1274,1136,689,109,1263,1332,1113,1296,1277,1307,736,1300,1225,1345,1231,0,929,759,1189,232,313,1042,1209,126,128,886,419,1239,1277,1285,1030,1293,1294,994,1277,1161,770
1258,1269,770,830,1131,1226,707,1343,878,995,1235,1343,1295,1297,762,806,1205,1161,1145,338,575,1058,538,1323,1267,256,1263,1294,241,1142,1232,1171,1290,1321,1296,1266,1299,1328,787,1083,890,1271,1243,1338,930,693,1349,1345,884,709,1239,1118,1063,1291,1257,1236,1308,880,1261,1086,1216,1289,568,1247,1273,1199,150,398,1042,1250,828,318,74,1324,1274,872,1225,1169,1299,510,1140,1143,1296,1201,355,0,428,1024,101,161,696,1115,73,45,579,261,1162,1114,1275,660,1323,1280,685,1001,903,387
1233,1371,844,1070,1223,1265,909,1309,1029,1087,1309,1294,1288,1290,941,1001,1224,1262,1241,340,660,1124,585,1293,1269,238,1250,1332,402,1303,1206,1269,1204,1252,1269,1272,1356,1323,948,1070,1049,1284,1296,1298,1064,844,1347,1313,1102,867,1261,1178,1088,1280,1240,1271,1308,1157,1264,1172,1272,1241,714,1295,1270,1259,326,553,1229,1273,1084,604,79,1326,1303,1029,1278,1133,1241,683,1267,1222,1321,1305,601,881,0,1171,207,199,898,1139,116,116,821,328,1184,1259,1224,960,1281,1258,875,1146,1067,646
1091,1247,370,363,845,1169,324,1091,403,479,1196,1229,1079,1247,430,420,1145,1008,845,108,252,658,208,1172,1142,94,1146,1194,84,869,814,882,1034,1189,1231,1124,1051,1232,372,570,495,1180,1229,1139,344,350,1270,1190,394,321,1217,707,711,1224,917,1109,1157,476,1132,736,908,914,207,1029,1220,872,81,122,592,958,350,124,41,1248,1218,472,1049,886,1181,242,763,767,1264,899,107,194,140,0,45,44,257,718,23,33,291,85,673,875,884,278,1285,1104,262,613,465,99
1315,1331,1155,1270,1312,1334,1203,1289,1258,1280,1266,1357,1334,1326,1185,1185,1325,1329,1331,708,1129,1260,1007,1332,1308,658,1313,1298,971,1340,1204,1305,1260,1324,1349,1316,1277,1400,1262,1314,1250,1374,1365,1329,1303,1185,1320,1348,1302,1204,1318,1290,1286,1348,1254,1331,1291,1326,1287,1280,1333,1316,1150,1303,1365,1342,1013,1121,1296,1384,1285,1103,215,1344,1381,1255,1298,1367,1278,1111,1314,1333,1325,1336,1109,1212,1129,1342,0,764,1230,1294,347,260,1172,948,1321,1311,1387,1262,1385,1320,1173,1253,1317,1208
1331,1302,1141,1234,1235,1213,1158,1314,1250,1186,1274,1234,1281,1336,1129,1278,1270,1334,1292,594,1109,1292,1043,1250,1215,478,1247,1252,880,1293,1272,1320,1266,1359,1319,1263,1315,1300,1242,1278,1128,1351,1291,1339,1252,1167,1338,1362,1253,1272,1345,1238,1234,1250,1262,1253,1322,1217,1287,1299,1216,1288,1040,1250,1261,1314,832,998,1237,1240,1193,996,109,1276,1345,1254,1241,1284,1319,979,1330,1210,1273,1296,974,1120,1100,1225,524,0,1197,1243,282,194,1078,924,1295,1324,1233,1236,1324,1286,1153,1227,1237,1094
1193,1221,669,845,1160,1195,665,1285,738,883,1302,1330,1251,1319,751,781,1189,1144,1134,267,501,1002,408,1304,1304,175,1203,1246,224,1178,1177,1213,1245,1293,1284,1247,1201,1257,725,997,934,1336,1258,1318,838,647,1315,1317,822,617,1285,1084,1053,1256,1180,1244,1218,793,1221,1044,1121,1219,507,1210,1285,1207,159,364,1026,1214,812,331,59,1284,1292,820,1188,1168,1218,464,1166,1101,1354,1235,283,582,344,1064,107,142,0,1075,64,53,563,223,1109,1132,1146,675,1357,1239,709,1043,824,395
1026,1198,260,300,826,1047,267,963,346,389,1082,1122,1078,1200,330,346,1089,961,733,90,199,624,156,1226,1093,67,1018,1151,74,856,748,847,848,1197,1181,1102,983,1209,299,471,449,1129,1085,1101,340,309,1219,1209,351,255,1128,712,595,1088,829,1040,1099,439,1041,648,794,793,222,1038,1295,782,58,98,534,862,266,122,26,1219,1134,318,838,819,1170,242,730,609,1315,847,94,215,138,567,33,55,243,0,47,53,290,60,669,814,760,264,1256,1044,263,529,408,101
1318,1346,1241,1323,1335,1344,1318,1327,1314,1359,1377,1325,1427,1301,1203,1364,1344,1379,1290,796,1268,1339,1133,1407,1323,862,1331,1307,1122,1313,1276,1367,1377,1381,1343,1332,1314,1371,1268,1326,1249,1295,1369,1350,1357,1246,1293,1378,1289,1308,1338,1307,1318,1310,1268,1322,1378,1269,1351,1392,1351,1309,1269,1320,1337,1375,1182,1277,1306,1403,1331,1247,330,1289,1359,1357,1364,1348,1389,1290,1374,1320,1385,1297,1242,1209,1250,1306,962,1089,1280,1331,0,454,1228,1140,1356,1329,1355,1244,1376,1329,1295,1345,1301,1226
1318,1392,1343,1288,1390,1313,1300,1302,1353,1303,1338,1333,1304,1340,1210,1321,1363,1354,1245,913,1228,1341,1142,1334,1352,1022,1282,1292,1150,1292,1357,1297,1366,1314,1402,1342,1372,1349,1291,1310,1279,1267,1369,1277,1296,1248,1343,1325,1319,1150,1340,1299,1302,1348,1410,1337,1314,1330,1335,1261,1332,1302,1285,1345,1376,1349,1153,1174,1344,1373,1314,1218,546,1347,1309,1268,1381,1324,1368,1309,1300,1278,1394,1278,1248,1334,1217,1306,1125,1101,1331,1305,856,0,1283,1179,1385,1384,1300,1256,1312,1319,1313,1297,1328,1293
1217,1222,757,839,1162,1215,710,1243,800,987,1339,1274,1281,1313,790,796,1294,1170,1084,370,606,1011,591,1312,1291,299,1302,1301,398,1048,1180,1225,1341,1263,1273,1240,1274,1280,794,1030,937,1323,1300,1283,818,755,1315,1280,865,732,1326,1089,1080,1268,1183,1293,1301,861,1232,1118,1184,1266,533,1237,1362,1171,277,444,1031,1188,806,404,138,1333,1300,835,1287,1169,1332,478,1157,1125,1337,1250,416,748,486,1026,196,250,750,1070,85,76,0,311,1242,1146,1158,776,1228,1205,722,1047,915,460
1203,1363,1137,1241,1242,1288,1036,1332,1195,1111,1331,1330,1373,1298,1052,1249,1269,1320,1269,405,832,1246,748,1341,1294,362,1250,1346,611,1364,1190,1269,1286,1325,1238,1295,1332,1296,1111,1215,1119,1357,1314,1306,1152,1015,1312,1331,1222,1099,1307,1216,1130,1341,1402,1335,1361,1157,1340,1270,1297,1295,820,1351,1372,1309,577,871,1357,1251,1184,816,93,1293,1355,1189,1286,1244,1311,897,1312,1312,1298,1305,835,1022,996,1242,326,416,1127,1216,212,172,960,0,1299,1325,1302,1203,1287,1328,1076,1237,1276,886
1109,1259,373,319,874,1028,305,1006,340,343,1191,1227,1117,1148,460,436,1117,843,731,127,251,623,236,1221,1099,114,1079,1184,87,861,677,872,994,1146,1172,1128,974,1194,381,440,359,1124,1226,1161,353,382,1233,1206,320,348,1184,624,612,1152,910,1128,1160,409,1001,587,898,862,129,939,1248,729,41,127,556,994,296,78,29,1215,1200,400,899,843,1232,106,684,602,1204,787,86,144,124,528,31,59,157,610,31,35,116,60,0,767,781,257,1210,1043,150,510,434,107
977,1181,261,215,696,1030,208,975,235,281,1051,1159,1002,1191,318,280,1060,757,631,71,170,509,149,1163,1062,44,975,1128,42,767,555,736,857,1165,1088,1023,913,1153,234,300,261,1093,1206,1144,237,257,1120,1179,228,249,1070,480,451,1142,701,1037,1075,283,882,443,668,801,106,807,1198,604,30,70,386,858,188,74,28,1138,1115,248,804,648,1147,97,488,437,1168,655,53,101,65,381,25,45,121,431,28,34,120,35,470,0,598,134,1141,935,104,350,227,72
1034,1215,276,260,670,937,210,881,218,267,1081,1153,936,1103,327,273,1024,778,581,60,152,453,149,1153,1044,67,1021,1144,45,715,531,751,819,1186,1091,1045,850,1110,242,270,243,1144,1204,1164,246,241,1164,1236,235,264,1118,448,458,1158,666,1104,1060,266,867,430,742,658,100,811,1247,581,26,64,351,763,185,60,28,1165,1115,249,768,695,1124,96,495,475,1167,628,38,95,68,369,18,37,112,418,29,30,110,27,442,577,0,165,1248,936,98,363,258,62
1184,1323,666,885,1138,1235,605,1179,695,918,1187,1218,1249,1292,751,743,1129,1131,1091,231,445,990,377,1212,1245,148,1195,1199,199,1130,1059,1138,1116,1274,1211,1239,1229,1203,707,941,814,1279,1230,1187,792,586,1300,1262,939,614,1195,974,920,1267,1100,1239,1210,873,1221,1075,1118,1188,520,1203,1264,1153,137,266,1004,1060,770,287,54,1263,1247,778,1150,1028,1325,491,1108,1029,1357,1133,301,594,336,1010,88,103,580,1028,56,73,577,154,1024,1151,1103,0,1284,1306,620,962,909,311
153,496,26,23,95,182,28,130,33,39,209,261,141,368,31,26,158,131,47,14,22,45,20,385,205,21,233,289,12,79,50,122,136,361,281,229,103,350,20,25,31,311,379,295,42,25,675,365,19,32,322,67,71,291,74,272,198,25,131,54,52,62,36,105,633,69,10,21,26,133,22,25,16,373,264,17,106,92,325,29,38,45,680,56,12,22,14,39,20,23,27,39,22,34,30,24,46,66,73,19,0,106,23,54,29,20
723,1155,154,86,428,705,103,578,86,120,922,1017,650,1051,183,177,668,510,320,45,91,347,89,1067,805,40,731,1045,21,482,265,534,535,1057,1081,870,576,1027,111,115,94,1017,1077,915,92,164,1121,1142,85,145,901,240,206,964,351,833,826,128,630,214,333,362,49,510,1180,285,20,34,185,472,81,40,19,1026,997,130,447,318,947,49,221,237,1226,283,28,46,36,146,13,24,52,218,24,38,53,27,176,280,305,65,1140,0,45,153,139,37
1299,1311,682,852,1130,1287,620,1230,811,853,1264,1300,1303,1343,812,759,1263,1183,1095,335,531,981,505,1273,1303,273,1231,1340,285,1044,1176,1221,1195,1292,1313,1304,1185,1270,707,1047,894,1288,1286,1297,881,684,1322,1360,786,715,1323,1070,1127,1323,1218,1244,1321,815,1245,1102,1210,1193,524,1211,1287,1120,165,355,1043,1272,834,361,100,1330,1318,877,1213,1205,1257,433,1150,1099,1254,1206,289,639,424,998,126,232,594,1095,111,74,568,281,1131,1179,1201,682,1326,1262,0,1001,883,374
1079,1190,348,436,859,1143,333,1070,414,559,1228,1279,1086,1177,417,437,1087,1044,892,109,239,670,190,1201,1223,75,1125,1170,95,911,831,966,960,1242,1179,1160,1121,1180,397,606,534,1234,1231,1228,438,329,1242,1294,454,319,1185,686,720,1152,888,1192,1185,493,1108,713,981,927,269,1007,1310,900,60,133,626,977,374,155,38,1229,1181,432,967,895,1149,265,751,708,1271,863,121,232,147,607,57,65,263,712,36,71,306,75,727,911,868,281,1236,1069,331,0,456,130
1159,1295,387,606,930,1138,386,1084,480,662,1201,1203,1136,1208,491,571,1104,1059,962,92,277,788,219,1213,1177,74,1155,1193,116,1013,919,978,1040,1241,1255,1217,1067,1245,427,723,585,1247,1280,1183,588,427,1335,1274,539,385,1210,756,771,1227,997,1157,1221,559,1213,791,1026,1023,346,1071,1298,944,79,139,810,965,508,195,47,1277,1187,557,1010,915,1159,346,938,893,1231,984,158,442,203,783,49,80,380,879,45,59,368,83,873,1013,977,335,1306,1128,383,829,0,143
1287,1307,916,1019,1305,1324,864,1263,1061,1088,1313,1232,1223,1338,910,993,1331,1173,1260,380,665,1106,608,1297,1304,269,1226,1301,406,1253,1198,1312,1260,1310,1297,1358,1259,1342,893,1081,1070,1270,1263,1289,1091,798,1259,1344,1059,856,1283,1165,1143,1287,1265,1272,1265,1031,1346,1191,1264,1276,746,1286,1336,1275,317,586,1185,1286,1114,606,101,1278,1325,995,1317,1192,1294,666,1257,1276,1331,1247,581,915,620,1236,137,248,932,1169,78,96,797,380,1260,1233,1229,920,1301,1369,937,1196,1234,0
